<?xml version="1.0" encoding="UTF-8"?>
<project-private xmlns="http://www.netbeans.org/ns/project-private/1">
    <editor-bookmarks xmlns="http://www.netbeans.org/ns/editor-bookmarks/2" lastBookmarkId="0"/>
    <open-files xmlns="http://www.netbeans.org/ns/projectui-open-files/2">
        <group>
            <file>file:/G:/uni/tahlil/step7/Taghche/src/User.java</file>
            <file>file:/G:/uni/tahlil/step7/Taghche/src/UserProfile.java</file>
            <file>file:/G:/uni/tahlil/step7/Taghche/src/Payment.java</file>
            <file>file:/G:/uni/tahlil/step7/Taghche/src/markForPocket.java</file>
            <file>file:/G:/uni/tahlil/step7/Taghche/src/likeAComment.java</file>
            <file>file:/G:/uni/tahlil/step7/Taghche/src/CustomerPage.java</file>
            <file>file:/G:/uni/tahlil/step7/Taghche/src/showCategoryOfBook.java</file>
            <file>file:/G:/uni/tahlil/step7/Taghche/src/Taghche.java</file>
            <file>file:/G:/uni/tahlil/step7/Taghche/src/AuthorPage.java</file>
            <file>file:/G:/uni/tahlil/step7/Taghche/src/showPostedComments.java</file>
            <file>file:/G:/uni/tahlil/step7/Taghche/src/RandomNumber.java</file>
            <file>file:/G:/uni/tahlil/step7/Taghche/src/showCategories.java</file>
            <file>file:/G:/uni/tahlil/step7/Taghche/src/MarkedBooks.java</file>
            <file>file:/G:/uni/tahlil/step7/Taghche/src/markAudioBookForPocket.java</file>
            <file>file:/G:/uni/tahlil/step7/Taghche/src/dislikeAComment.java</file>
            <file>file:/G:/uni/tahlil/step7/Taghche/src/ElectronicBook.java</file>
            <file>file:/G:/uni/tahlil/step7/Taghche/src/deleteProduct.java</file>
        </group>
    </open-files>
</project-private>
